Camion;Succ de l'item;#item;Stock Class;Description;Qté;;
UNITÉ0225 ;0054;BKR4E                         ;NGK  ;BOUGIE BKR4E (#4421)                    ;3;;V
UNITÉ0225 ;0054;BPMR7A                        ;NGK  ;BOUGIE BPMR7A (#4626)                   ;3;;
UNITÉ0225 ;0054;BPR6EFS                       ;LPALC;BOUGIE NGK                              ;2;;
UNITÉ0225 ;0054;BPR6ES                        ;NGK  ;BOUGIE BPR6ES (#7131)                   ;1;;
UNITÉ0225 ;0054;EG261-11510                   ;GWAJA;GASKET / CNA                            ;2;;
UNITÉ0225 ;0054;EG543-91490                   ;GWAJA;STUD M8X23                              ;8;;
UNITÉ0225 ;0054;FR2B-D                        ;NGK  ;BOUGIE FR2B-D (#1598)                   ;3;;
UNITÉ0225 ;0054;G0808G-200-125                ;GGREE;GALVANIZED REDUCING PIPE COUPLING       ;1;;
UNITÉ0225 ;0054;HD12                          ;PIECE;RELAIS CLIGNOTANT 12V 2 PATTES          ;2;;
UNITÉ0225 ;0054;HUBHBL5266C                   ;ELECT;FICHE (PLUG MALE 110 VOLTS              ;4;;
UNITÉ0225 ;0054;HUBHBL5269C                   ;ELECT;PRISE 15A 2P3F 125V ISOLE NOIR/BLANC    ;1;;
UNITÉ0225 ;0054;H000536                       ;JLG  ;SWITCH PISTON PRESSURE                  ;1;;
UNITÉ0225 ;0054;K773129930                    ;LKUML;POIGNEE VITRE POUYR RTX1000C            ;3;;
UNITÉ0225 ;0054;L1515                         ;LUSIM;PIN BARRURE ACCESSOIRE LIFT             ;1;;
UNITÉ0225 ;0054;L500042                       ;MANIT;STEEL BUSHING ( REMPLACE LE 808491 )    ;1;;
UNITÉ0225 ;0054;MJ2-1300                      ;LGATI;SWITCH HERCULE                          ;1;;
UNITÉ0225 ;0054;OTC-4480                      ;GMASK;FUEL INJECTION SERVICE KIT              ;1;;
UNITÉ0225 ;0054;PC-20-1/2-63.5-T              ;CICAM;POINT FIXE 20MM CUIVRE ETAME C/W(DISCON);4;;
UNITÉ0225 ;0054;PL-CU-REC-6.35-76.2-76.2      ;CICAM;PLAQUETTE CARREE EN CUIVRE ETAME (DV.PMA;4;;V
UNITÉ0225 ;0054;P142                          ;HEBDR;POMPE A MAIN ENERPAC JAUNE 2 STAGES/VITE;1;;
UNITÉ0225 ;0054;R263153682                    ;KUBOT;PRESSURE SWITCH (HST)                   ;1;;
UNITÉ0225 ;0054;SY350AG1                      ;GTVHI;CONNECTEUR GRIS 350A 600V               ;1;;
UNITÉ0225 ;0054;S6                            ;GMASK;ENSEMBLE DE CLES ANGLAISES 1-3/8 A 2 POU;1;;
UNITÉ0225 ;0054;V20511126                     ;MULTI;CAPTEUR DE VITESSE                      ;1;;
UNITÉ0225 ;0054;WSV124B                       ;GMASK;BOUTON DE VOLANT                        ;1;;
UNITÉ0225 ;0054;W58-XB1A4A-15                 ;ELECT;CIRCUIT BREAKER 15 AMPS PANEL (117325)  ;1;;V
UNITÉ0225 ;0054;XCG3Z1                        ;PIECE;MICRO SWITCH B4A4                       ;2;;
UNITÉ0225 ;0054;YBELEC-073B                   ;LGATI;KEY SWITCH HYBRID 1030                  ;1;;
UNITÉ0225 ;0054;YBELEC-133B                   ;LWEST;UP/DOWN ROCKER SWITCH                   ;1;;
UNITÉ0225 ;0054;YBHYDR-666                    ;GHYBL;SOLENOID 24V HYBRID                     ;1;;
UNITÉ0225 ;0054;02756-50080                   ;PIECE;NUTS UBS                                ;3;;
UNITÉ0225 ;0054;02938317                      ;DEUTZ;REPAIR KIT                              ;1;;
UNITÉ0225 ;0054;04164763                      ;DEUTZ;PLUG                                    ;1;;
UNITÉ0225 ;0054;04297148                      ;DEUTZ;REPAIR FUEL KIT PRV                     ;1;;
UNITÉ0225 ;0054;07.0703.0485                  ;GENIE;RELAY                                   ;2;;
UNITÉ0225 ;0054;07.0723.0571                  ;GENIE;CLE KEY                                 ;1;;
UNITÉ0225 ;0054;09.0803.0119                  ;GENIE;CLE KEY CAB DOOR                        ;1;;
UNITÉ0225 ;0054;1C01065830                    ;KUBOT;ASSY CONNECTEUR                         ;1;;
UNITÉ0225 ;0054;1J80152030                    ;KUBOT;PUMP ASS'Y ( FUEL )                     ;1;;
UNITÉ0225 ;0054;1001080978                    ;JLG  ;SWITCH FRAMER LOADER                    ;1;;
UNITÉ0225 ;0054;1001081243                    ;JLG  ;LATCH LOCK WINDOW LOQUET BARRURE G518   ;1;;
UNITÉ0225 ;0054;1001133759                    ;JLG  ;SENSOR; ANGLE                           ;;
UNITÉ0225 ;0054;1001166194                    ;JLG  ;BOITE ELECTRIQUE ELEC ASSY GROUND ANSI  ;1;;
UNITÉ0225 ;0054;1001166538                    ;JLG  ;CONTROL DRIVE/STEER                     ;1;;V
UNITÉ0225 ;0054;1001180555                    ;JLG  ;PEDAL THROTTLE                          ;1;;
UNITÉ0225 ;0054;1001249695                    ;JLG  ;KIT ANALYSER AND CABLE #2901443         ;1;;
UNITÉ0225 ;0054;102753                        ;SKYJA;KEY SWITCH 3 POSITION                   ;3;;V
UNITÉ0225 ;0054;102766                        ;SKYJA;10 PIN MALE CONNECTOR                   ;1;;V
UNITÉ0225 ;0054;102769                        ;SKYJA;SWITCH EMERGENCY STOP RED               ;1;;V
UNITÉ0225 ;0054;102836                        ;SKYJA;SWITCH 2 POSITION SELECTOR ZB2 STYLE    ;2;;V
UNITÉ0225 ;0054;102838                        ;SKYJA;SWITCH OIL PRESSURE                     ;1;;
UNITÉ0225 ;0054;102853                        ;SKYJA;TOGGLE SWITCH 3 POS SPDT SEALED SCREW   ;6;;V
UNITÉ0225 ;0054;102921                        ;SKYJA;DIODE 6AMP PIV 1000 VOLT                ;9;;V
UNITÉ0225 ;0054;103006                        ;SKYJA;CONNECTOR FEMALE TANK LPG               ;2;;
UNITÉ0225 ;0054;103007                        ;SKYJA;SOLENOID 2 SPEED KUBOTA DF750           ;1;;V
UNITÉ0225 ;0054;103056                        ;SKYJA;SIREN BEEPER ADJUSTABLE 12V             ;1;;V
UNITÉ0225 ;0054;103057                        ;SKYJA;ALARM MED LOUD SLOW BEEP TONE           ;2;;V
UNITÉ0225 ;0054;103100                        ;SKYJA;BASE POUR BOUTON D'URGENCE ZB2 STYLE    ;8;;V
UNITÉ0225 ;0054;103101                        ;SKYJA;CONTACTOR SPNO POUR SELENOIDE 165865 (RE;1;;V
UNITÉ0225 ;0054;103141                        ;SKYJA;COMMUTATEUR SIMPLE ON/OFF CONTACT N.O   ;2;;V
UNITÉ0225 ;0054;103156                        ;SKYJA;FITTING THREAD ADAPTER ¼ NPT X #6 STRAIG;2;;
UNITÉ0225 ;0054;103199                        ;SKYJA;BOLTS. WHEEL 1/2 X 1 9/16               ;3;;
UNITÉ0225 ;0054;103207                        ;SKYJA;RELAIS DOUBLE DPDT 12V DC               ;4;;V
UNITÉ0225 ;0054;103225                        ;SKYJA;CONTACT BLOCK N.C. ZB2 STYLE            ;3;;V
UNITÉ0225 ;0054;103316                        ;SKYJA;RELAY SPDT 12VCD                        ;3;;V
UNITÉ0225 ;0054;103605                        ;SKYJA;COIL CART VALVE 24V                     ;1;;
UNITÉ0225 ;0054;107271                        ;SKYJA;VALVE MAN DN PULL 6-800 KNOB ALONE 11   ;1;;
UNITÉ0225 ;0054;10836804                      ;JLG  ;HOUR METER                              ;1;;
UNITÉ0225 ;0054;108589                        ;SKYJA;RELAY 24 VOLTS 5 PRONGS                 ;5;;V
UNITÉ0225 ;0054;108854                        ;SKYJA;SWITCH FLUSH HEAD PUSH BUTTON ZB2 STYLE ;6;;V
UNITÉ0225 ;0054;109698                        ;SKYJA;GFI RECEPTACLE 110 VOLT                 ;3;;V
UNITÉ0225 ;0054;109699                        ;SKYJA;COVER GFCI HORIZONTAL WEATHER           ;1;;V
UNITÉ0225 ;0054;110824                        ;SKYJA;CENTER SPRING PIN LATCH                 ;1;;V
UNITÉ0225 ;0054;115574                        ;SKYJA;SWITCH 2 POS SPDT TERM OFF-NONE-ON      ;5;;V
UNITÉ0225 ;0054;1157                          ;PIECE;MINI AMPOULE                            ;3;;V
UNITÉ0225 ;0054;116382                        ;SKYJA;SWITCH 3 POS 4PDT SEALED ON-OFF-ON      ;2;;V
UNITÉ0225 ;0054;1183901                       ;DEUTZ;O-RING                                  ;1;;
UNITÉ0225 ;0054;119204                        ;GGENI;CABLE;DIAG. FORD LRG 425                ;;
UNITÉ0225 ;0054;12035-46110                   ;GWAJA;GASKET CARBURATEUR                      ;3;;
UNITÉ0225 ;0054;12072                         ;GROTE;MIROIR RECTANGULAIRE 5-1/2X7 NOIR       ;2;;
UNITÉ0225 ;0054;121765                        ;GENIE;PCB ECM ALC500                          ;1;;
UNITÉ0225 ;0054;122963                        ;SKYJA;BOULON POUR INTERRUPTEUR                ;1;;
UNITÉ0225 ;0054;123994                        ;SKYJA;CONTROL ENABLE CONTROL ASSY 159108 MS6  ;1;;
UNITÉ0225 ;0054;124446                        ;SKYJA;SWITCH-3 POS DPDT SEALED TOGGLE SCREW T ;1;;V
UNITÉ0225 ;0054;1253962                       ;GENIE;WELDMENT; FEMALE HINGE                  ;;
UNITÉ0225 ;0054;127035                        ;SKYJA;RELAY SINGLE 12V/40A                    ;1;;V
UNITÉ0225 ;0054;127153                        ;SKYJA;SEAL KIT BRAKE CYLINDER                 ;1;;
UNITÉ0225 ;0054;1271770                       ;GENIE;SENSOR FUEL LEVER DIESEL                ;1;;
UNITÉ0225 ;0054;129300                        ;SKYJA;CONTROL BOX OUTRIGGER                   ;1;;
UNITÉ0225 ;0054;130440                        ;SKYJA;ANGLE TRANSDUCER SKYJACK                ;1;;
UNITÉ0225 ;0054;1312001                       ;GENIE;STRUT GAS 160 LB 24PO                   ;1;;
UNITÉ0225 ;0054;132804                        ;SKYJA;CARTE CONTROLE STABILISATEUR OUTRIGGER  ;1;;
UNITÉ0225 ;0054;133133                        ;SKYJA;INDICATEUR LUMINEUX AMBRE               ;3;;
UNITÉ0225 ;0054;133133                        ;SKYJA;INDICATEUR LUMINEUX AMBRE               ;3;;
UNITÉ0225 ;0054;13406790                      ;DEUTZ;RELAI DEMARREUR                         ;1;;
UNITÉ0225 ;0054;136106                        ;SKYJA;IGNITION COIL FOR KUBOTA ENGINE         ;2;;
UNITÉ0225 ;0054;137919                        ;SKYJA;BREAKER PANEL MOUNT 25 AMPS             ;4;;V
UNITÉ0225 ;0054;138224                        ;SKYJA;CONTROLLER JOYSTICK DRIVE/STEER SINGLE A;2;;V
UNITÉ0225 ;0054;147051                        ;SKYJA;BOUTON 40MM STOP W/IND ZB5 STYLE RED    ;1;;V
UNITÉ0225 ;0054;147053                        ;SKYJA;CONTACT BLOCK N.C. ZB4 STYLE            ;6;;V
UNITÉ0225 ;0054;147054                        ;SKYJA;CONTACT BLOCK N.O.                      ;5;;V
UNITÉ0225 ;0054;147056                        ;SKYJA;BASE MOUNTING PLASTIQUE ZB5 STYLE       ;8;;V
UNITÉ0225 ;0054;147058                        ;SKYJA;SWITCH FLUSH HEAD PUSH BUTTON BLACK     ;3;;V
UNITÉ0225 ;0054;147063                        ;SKYJA;SWITCH 3 POS SELECTOR ZB5 STYLE         ;3;;V
UNITÉ0225 ;0054;147069                        ;SKYJA;SWITCH SELECTOR BLACK #RB2BDR3          ;6;;V
UNITÉ0225 ;0054;147233                        ;SKYJA;SWITCH 2 POS SELECTOR ZB5 STYLE MAINT AL;2;;V
UNITÉ0225 ;0054;149605                        ;SKYJA;KEY SWITCH 3 POSITIONS NEW GEN          ;1;;V
UNITÉ0225 ;0054;149605                        ;SKYJA;KEY SWITCH 3 POSITIONS NEW GEN          ;1;;
UNITÉ0225 ;0054;153337                        ;SKYJA;COIL 12V                                ;2;;
UNITÉ0225 ;0054;15500V                        ;LUBRI;HUILE HYDRAULIQUE ( REMPLACE MOBIL HYDRA;7;;
UNITÉ0225 ;0054;159109                        ;SKYJA;JOYSTICK 3 SPEED HALL EFFECT            ;2;;V
UNITÉ0225 ;0054;159827                        ;SKYJA;VALVE SOLENOID CARTRIDGE                ;1;;
UNITÉ0225 ;0054;1600343                       ;JLG  ;CONTROL MODULE PLATFORM                 ;1;;
UNITÉ0225 ;0054;164880                        ;SKYJA;O2 SENSOR ASSEMBLY                      ;2;;
UNITÉ0225 ;0054;166142                        ;SKYJA;CONTACT BLOC                            ;3;;
UNITÉ0225 ;0054;170593                        ;SKYJA;SOLENOID CONNECTOR W/DIODE              ;1;;
UNITÉ0225 ;0054;171561                        ;SKYJA;TILT SWITCH ASSEMBLY 2.5 X 4.5          ;1;;
UNITÉ0225 ;0054;1720860016                    ;KUBOT;FUEL SHUT OFF SOLENOID                  ;1;;
UNITÉ0225 ;0054;17355V                        ;LUBRI;HUILE 5W40 VRAC SYHTHÉTIQUE             ;10;;
UNITÉ0225 ;0054;1901396850                    ;KUBOT;O RING                                  ;1;;
UNITÉ0225 ;0054;194544                        ;SKYJA;VALVE SOLENOID 2 POS 3 WAY              ;1;;
UNITÉ0225 ;0054;195055                        ;SKYJA;BRAKE CYLINDER SUBGROUP #127900         ;1;;V
UNITÉ0225 ;0054;195203                        ;SKYJA;SWITCH ASSY OFF/LIFT/DRIVE              ;1;;
UNITÉ0225 ;0054;198904                        ;SKYJA;IGNITION COIL                           ;1;;
UNITÉ0225 ;0054;199922                        ;SKYJA;CYLINDRE HYDR FREINS SJ11 SJ322X        ;2;;V
UNITÉ0225 ;0054;20047                         ;LMIAN;HUILE SYNTHETIQUE 75W90 1L              ;1;;
UNITÉ0225 ;0054;209527                        ;SKYJA;HINGE SPRING                            ;1;;V
UNITÉ0225 ;0054;216541                        ;SKYJA;SPARK PLUG WIRE                         ;1;;
UNITÉ0225 ;0054;216542                        ;SKYJA;SPARK PLUG WIRE                         ;1;;
UNITÉ0225 ;0054;216543                        ;SKYJA;SPARK PLUG WIRE                         ;1;;
UNITÉ0225 ;0054;219480                        ;GENIE;ENSEMBLE DE CHARGEUR A BATTERIE 24V     ;2;;
UNITÉ0225 ;0054;22365                         ;GENIE;SWITCH MANETTE #20424                   ;1;;
UNITÉ0225 ;0054;22365                         ;GENIE;SWITCH MANETTE #20424                   ;1;;
UNITÉ0225 ;0054;229407                        ;GENIE;PROPORTAINAL  DIRECTION CONTROL VALVE 5 ;1;;
UNITÉ0225 ;0054;237209                        ;GENIE;COMPENSATOR 150 PSI                     ;1;;
UNITÉ0225 ;0054;2901443                       ;JLG  ;KIT ANALYZER & CABLE NEW #10012496      ;1;;
UNITÉ0225 ;0054;2920206                       ;JLG  ;LUMIERE TRAVAIL WORK LIGHT              ;1;;
UNITÉ0225 ;0054;304-7127                      ;LALLT;ALTERNATEUR DELCO 12V 63A               ;1;;
UNITÉ0225 ;0054;31-1125A                      ;MAGNA;BATTERIE COMMERCIAL 12V AUTO            ;1;;
UNITÉ0225 ;0054;31-1250S                      ;MAGNA;BATTERIE 12V  SERIE 31 STUD             ;1;;V
UNITÉ0225 ;0054;3109000046-KEY                ;MOTRE;SWITCH AVEC CLE POUR MOTREC             ;1;;
UNITÉ0225 ;0054;316.7002                      ;BRAVI;JOYSTICK BRAVI                          ;1;;
UNITÉ0225 ;0054;323FUHDS12                    ;LGATI;BORNE 12 POLES 25A                      ;1;;
UNITÉ0225 ;0054;326-12179                     ;ALTER;ALTERNATEUR NIPPON DESNO 12V 40A        ;1;;
UNITÉ0225 ;0054;33033                         ;WIX  ;FILTRE CARBURANT DIESEL                 ;1;;
UNITÉ0225 ;0054;34052                         ;GENIE;RELAY SPDT 12V PLUG IN                  ;2;;V
UNITÉ0225 ;0054;3740067                       ;JLG  ;RELAY SOLENOID CONTACT EMERGENCY DESCENT;1;;V
UNITÉ0225 ;0054;3740087                       ;JLG  ;RELAY 48V 50/60 HZ                      ;1;;
UNITÉ0225 ;0054;3841517S                      ;JLG  ;ROD TIE ROD END SELF LUBRICATION        ;2;;
UNITÉ0225 ;0054;4NT1-1                        ;LGATI;SWITCH 12 POLES                         ;1;;
UNITÉ0225 ;0054;4125029O                      ;DEUTZ;DEMARREUR DEUTZ POUR TCD3.6L4           ;1;;
UNITÉ0225 ;0054;4125405-DTZ                   ;DEUTZ;FUEL LEAKAGE PIPE                       ;1;;
UNITÉ0225 ;0054;4138045                       ;DEUTZ;GASKET THERMOSTAT                       ;1;;
UNITÉ0225 ;0054;4210195                       ;DEUTZ;SENSOR LOW PRESSURE 2.9L (9-166700)     ;1;;
UNITÉ0225 ;0054;4210197                       ;DEUTZ;CAPTEUR DE VITESSE                      ;2;;
UNITÉ0225 ;0054;4297148                       ;JLG  ;KIT;PRESSURE SENSOR/RELIEF VLV          ;;
UNITÉ0225 ;0054;4360314S                      ;JLG  ;SWITCH DPDT MOMENTARY 2P/2T RS          ;1;;V
UNITÉ0225 ;0054;4360314S                      ;JLG  ;SWITCH DPDT MOMENTARY 2P/2T RS          ;1;;
UNITÉ0225 ;0054;4360328S                      ;JLG  ;SWITCH TOGGLE 3POS TABLEVER             ;1;;V
UNITÉ0225 ;0054;4360336S                      ;JLG  ;SWITCH TOGGLE 1P/1T                     ;1;;V
UNITÉ0225 ;0054;4360387                       ;JLG  ;SWITCH PUSH BUTTON YELLOW               ;2;;V
UNITÉ0225 ;0054;4360407                       ;JLG  ;SWITCH POTENTIOMETER ASSY FONCTION SPEED;5;;
UNITÉ0225 ;0054;4360525S                      ;JLG  ;SWITCH 3 POSITION SHORT BAT             ;3;;
UNITÉ0225 ;0054;4360548S                      ;JLG  ;SWITCH LIMIT PLUNGER W/ROLLER           ;1;;
UNITÉ0225 ;0054;4360579                       ;JLG  ;SWITCH; LIMIT ROLLER LEVER              ;;
UNITÉ0225 ;0054;4466632                       ;DEUTZ;SENSOR PRESSURE                         ;1;;
UNITÉ0225 ;0054;4468402-DTZ                   ;DEUTZ;PRESSURE SENSOR                         ;1;;
UNITÉ0225 ;0054;4604038                       ;DEUTZ;SOLENOID VALVE                          ;1;;
UNITÉ0225 ;0054;4606897                       ;DEUTZ;DEMARREUR                               ;1;;
UNITÉ0225 ;0054;4640452                       ;JLG  ;VALVE COUNTERBALANCE                    ;1;;
UNITÉ0225 ;0054;4641260                       ;JLG  ;VALVE COUNTERBALANCE                    ;1;;
UNITÉ0225 ;0054;46671                         ;WIX  ;FILTRE AIR                              ;1;;
UNITÉ0225 ;0054;50813                         ;GENIE;SENSOR TILT PCON PLASTIC                ;1;;
UNITÉ0225 ;0054;51334                         ;WIX  ;FILTRE HUILE                            ;1;;
UNITÉ0225 ;0054;527                           ;GMAKA;LIQUIDE A FREINS                        ;1;;
UNITÉ0225 ;0054;57591-23330-71                ;TOYOT;KEY IGNITION 2 SIDED NEW STYLE 7 SERIES ;1;;
UNITÉ0225 ;0054;59818393                      ;SKYJA;RELAY 12V 75 AMP (9-226119)             ;2;;V
UNITÉ0225 ;0054;60331                         ;GENIE;VALVE COUNTERBAL CWCA-LIN@600 SUN 9903  ;1;;
UNITÉ0225 ;0054;60618                         ;GENIE;ACTIVATOR STEER SENSOR                  ;1;;
UNITÉ0225 ;0054;611-100                       ;BISMA;TORCHE MINI 14K BTU AX1-020 MARTIN      ;1;;
UNITÉ0225 ;0054;70000101                      ;JLG  ;KIT HYD PRESSURE TEST-DIGITAL           ;1;;
UNITÉ0225 ;0054;70000345                      ;JLG  ;GLOW PLUG                               ;4;;
UNITÉ0225 ;0054;70001101                      ;JLG  ;SEAL KIT                                ;1;;
UNITÉ0225 ;0054;70004459                      ;JLG  ;DIRECTIONAL CONTROL VALVE ASSY          ;1;;
UNITÉ0225 ;0054;70020621                      ;JLG  ;KEY CLE IGNITION JLG                    ;1;;
UNITÉ0225 ;0054;70021948                      ;JLG  ;KEY                                     ;1;;
UNITÉ0225 ;0054;7024428                       ;JLG  ;ASSY; EMERGENCY STOP SWITCH             ;;
UNITÉ0225 ;0054;7024883                       ;JLG  ;COIL 12VDC T500/T350                    ;2;;V
UNITÉ0225 ;0054;7027412                       ;JLG  ;CAP RADIATOR 13PSI                      ;1;;
UNITÉ0225 ;0054;7027968                       ;JLG  ;KIT FILS BOUGIES                        ;1;;
UNITÉ0225 ;0054;70474                         ;GGENI;CABLE;DIAG.FORD DSG & MSG               ;;
UNITÉ0225 ;0054;707147                        ;SKYJA;TERMINAL BLOCK END STOP                 ;1;;
UNITÉ0225 ;0054;71                            ;LSPHO;BOUGIE COPPER CORE CHAMPION             ;5;;
UNITÉ0225 ;0054;73040                         ;GROTE;ALARME DE RECUL 12/24V TERMINAUX 97DB EP;1;;
UNITÉ0225 ;0054;75031                         ;GENIE;LIMIT SWITCH ASSY SWING ROLLER METAL BOD;1;;
UNITÉ0225 ;0054;777-7124                      ;GMASK;CYLINDRE A GAZ CAPACITÉ 75 LBS          ;1;;
UNITÉ0225 ;0054;78086                         ;GENIE;BALL STUD GAS STRUT 3/8-16              ;1;;
UNITÉ0225 ;0054;80383410                      ;JLG  ;PEDAL FOOT THROTTLE ELECTRIC            ;1;;
UNITÉ0225 ;0054;82-2156                       ;LANJO;SWITCH IGNITION HYSTER                  ;1;;
UNITÉ0225 ;0054;82-2209                       ;GROTE;PORTE FUSIBLE ATO ATC                   ;1;;
UNITÉ0225 ;0054;82-9130                       ;LPGGM;COUVERT FEM GOUJON A BORNE              ;2;;
UNITÉ0225 ;0054;8342813                       ;JLG  ;CLÉ DE PORTE G5 KEYS TWO ON ONE RING    ;1;;
UNITÉ0225 ;0054;9-144410                      ;SKYJA;ENGINE FUEL CAP NON-VENT DIESEL         ;1;;
UNITÉ0225 ;0054;9-164770                      ;SKYJA;POMPE A ESSENCE FUEL PUMP DEUTZ         ;1;;
UNITÉ0225 ;0054;9-191232                      ;SKYJA;PIN ANCHOR                              ;3;;
UNITÉ0225 ;0054;9-191704                      ;SKYJA;HANDLE L-WINDOW STAY 2-POS              ;1;;
UNITÉ0225 ;0054;9-191795                      ;SKYJA;VALVE SOLENOID                          ;1;;
UNITÉ0225 ;0054;91143                         ;MEC  ;COIL OUTRIGGER                          ;1;;
UNITÉ0225 ;0054;964.5062                      ;WURTH;ASSORTIMENT DE RESSORTS                 ;1;;
UNITÉ0225 ;0054;9685.010403B                  ;TRACK;TRACKUNIT RAW CAN BT 1.7M CABLE (5PI)   ;1;;
UNITÉ0225 ;0054;9832.010030                   ;TRACK;TRACK UNIT SERVICE KIT                  ;2;;
;;24C-925                       ;;;;;R
;;78DT-1000;;;;;R
;;170620;;;;;R
;; 315-1472;;;;;R
;;73340;;;;;R
;;27C-900;;;;;R
;;T-1275                        ;;;;;R
;;31-1250A;;;;;R
;;T105;;;;;R
;;R42LTS;;;;;R
;;138003;;;;;R
;;137243;;;;;R
;;144065;;;;;R
;;223152;;;;;R
;;PC-20-1/2-63-T;;;;;R
;;117325;;;;;R
;;105328;;;;;R
;;105329;;;;;R
;;127315;;;;;R
;;138225;;;;;R
;;315-1380;;;;;R
;;126-18400;;;;;R
;;EXTINCTEUR;;;;;R
;;33002;;;;;R
;;103743;;;;;R
;;13482;;;;;R
;;115304;;;;;R
;;2940006;;;;;R
;;2600281;;;;;R
;;137974;;;;;R
;;211751;;;;;R
;;101173;;;;;R
;;159111;;;;;R
;;137634;;;;;R
;;1001212415;;;;;R
;;3028933;;;;;R
;;159108;;;;;R
;;111417;;;;;R
;;213697;;;;;R
;;194758;;;;;R
;;1001129555;;;;;R
;;SY4040-L                      ;;;;;R
;;147061;;;;;R
;;2920161;;;;;R
;;4360578s;;;;;R
;;56298;;;;;R
;;77103;;;;;R
;;67;;;;;R
;;1156;;;;;R
;;115658;;;;;R
;;4360031;;;;;R
;;117277;;;;;R
;;100509;;;;;R
;;3422219;;;;;R
;;3421565;;;;;R
;;66030;;;;;R
;;4460346;;;;;R
;;112467;;;;;R
;;ZCE02;;;;;R
;;XA778;;;;;R
;;127131;;;;;R
;;122874;;;;;R
;;SS598;;;;;R
;;121087BA;;;;;R
;;115420;;;;;R
;;SY1101-LED-A                  ;;;;;R
;;147211;;;;;R
;;4360469S;;;;;R
;;4360331S;;;;;R
;;4360074S;;;;;R
;;171560;;;;;R
;;114373;;;;;R
;;4360077S                      ;;;;;R
;;111181;;;;;R
;;103136;;;;;R
;;107269;;;;;R
;;AR172;;;;;R
;;DURATRAN XL;;;;;R
;;DURON-E;;;;;R
;;EC10211;;;;;R
;;ELEC-601;;;;;R
;;HARD-021;;;;;R
;;H28004;;;;;R
;;H28006;;;;;R
;;H28008;;;;;R
;;LEVGFTR2W;;;;;R
;;LP350-7000-AM-E-LED;;;;;R
;;LS35P51B11;;;;;R
;;NGF1069;;;;;R
;;NGF1334;;;;;R
;;NGF600175;;;;;R
;;NGF7085;;;;;R
;;SYZB2-BA2;;;;;R
;;SY1NT1-7;;;;;R
;;SY2NT1-7;;;;;R
;;TQZCP21X1;;;;;R
;;WF10171;;;;;R
;;WHEE-603-2-P;;;;;R
;;W58-XB1A4A-10;;;;;R
;;140043;;;;;R
;;2457;;;;;R
;;332019150;;;;;R
;;332209150;;;;;R
;;332209203;;;;;R
;;06Z-506;;;;;R
;;06Z-508;;;;;R
;;06Z-606;;;;;R
;;06Z-608;;;;;R
;;06Z-666;;;;;R
;;08Z-608;;;;;R
;;08Z-648;;;;;R
;;08Z-668;;;;;R
;;1E01363590;;;;;R
;;1001099810;;;;;R
;;1001118417;;;;;R
;;1001134438;;;;;R
;;1001276007;;;;;R
;;102692;;;;;R
;;102754;;;;;R
;;102837;;;;;R
;;103107;;;;;R
;;103271;;;;;R
;;103574;;;;;R
;;104466;;;;;R
;;105307;;;;;R
;;105312;;;;;R
;;107712;;;;;R
;;107820;;;;;R
;;107821;;;;;R
;;109377;;;;;R
;;111787;;;;;R
;;114467;;;;;R
;;114469;;;;;R
;;114470;;;;;R
;;1156NALLB2;;;;;R
;;117326;;;;;R
;;118778;;;;;R
;;119456;;;;;R
;;119843;;;;;R
;;120425;;;;;R
;;122093;;;;;R
;;124338;;;;;R
;;128200;;;;;R
;;128202;;;;;R
;;128595;;;;;R
;;137781;;;;;R
;;137782;;;;;R
;;137783;;;;;R
;;137795;;;;;R
;;144714;;;;;R
;;149536;;;;;R
;;1503ES-12A5UC5S;;;;;R
;;151643;;;;;R
;;1584139013;;;;;R
;;166087;;;;;R
;;168990;;;;;R
;;1873560000;;;;;R
;;204714;;;;;R
;;216212;;;;;R
;;24C925;;;;;R
;;24704N-604;;;;;R
;;26-119;;;;;R
;;30505;;;;;R
;;307,2150033;;;;;R
;;310517;;;;;R
;;316,0031;;;;;R
;;316,7002;;;;;R
;;32423;;;;;R
;;33001;;;;;R
;;33595;;;;;R
;;33690;;;;;R
;;33800;;;;;R
;;33949;;;;;R
;;33978;;;;;R
;;3402204;;;;;R
;;3467;;;;;R
;;4360345S;;;;;R
;;4460754;;;;;R
;;51064;;;;;R
;;51068;;;;;R
;;51069;;;;;R
;;51307;;;;;R
;;51356;;;;;R
;;51358;;;;;R
;;51365;;;;;R
;;51516;;;;;R
;;51746;;;;;R
;;51829;;;;;R
;;57076;;;;;R
;;57085;;;;;R
;;57099;;;;;R
;;57129;;;;;R
;;57430;;;;;R
;;58303;;;;;R
;;61013;;;;;R
;;66053;;;;;R
;;70002902;;;;;R
;;700187;;;;;R
;;700555;;;;;R
;;78903;;;;;R
;;82-9541;;;;;R
;;82-9542;;;;;R
;;880-34;;;;;R
;;9-190547;;;;;R
;;91033317;;;;;R
;;92800;;;;;R
;;988-BP;;;;;R
;;99164;;;;;R
